Index,Type,ID,flux,wave,wn,dwn,mutual
3306,Deep Neutral,[C I] 8727.13,0.2561502832842413,8731.9493,11452.196590284826,inf,False
